INSERT INTO plantas (id, nombre, propiedades, foto_url)
VALUES (1, 'ORTIGA', 'Hierro, calcio, vitamina C y clorofila',
        'https://soycomocomo.es/media/2015/04/ortiga-1200-668x400x80xx.jpg'),
       (2, 'DIENTE DE LEON', 'Diurético, depurativo, antioxidante',
        'https://static3.depositphotos.com/1004328/178/i/450/depositphotos_1781834-stock-photo-white-dandelion-among-yellow-dandelions.jpg'),
       (3, 'COLA DE CABALLO', 'Alto contenido en silicio',
        'https://i.pinimg.com/736x/37/09/15/370915894739544afbedbbd36ba4f40c.jpg'),
       (4, 'STEVIA', 'Edulcorante natural,  antioxidante',
        'https://www.splenda.com/wp-content/uploads/2022/05/everything-stevia-blog-1400w.jpg'),
       (5, 'MALVA', 'Antiinflamatoria, calmante ',
        'https://www.asturnatura.com/photo/_files/photogallery/1eb23e2603e639c88ccc1378bed00a35.jpg'),
       (6, 'PERILLA', 'Antioxidante, antiinflamatoria',
        'https://antropocene.it/wp-content/uploads/2021/04/Coltivazione-Perilla.jpg'),
       (7, 'HELICRISIUM', 'Antiinflamatoria, cicatrizante',
        'https://www.notasnaturales.com/wp-content/uploads/2020/03/Helicrisum-e1583431706521.jpg'),
       (8, 'LLANTEN', 'Expectorante, antiinflamatoria',
        'https://www.casapia.com/blog/wp-content/uploads/2021/08/llanten-planta-medicinal.jpg'),
       (9, 'TOMILLO', 'Antibacteriana',
        'https://www.sorianatural.es/storage/img/F0000002753_tomillo_planta_soria_natural.jpg.jpg'),
       (10, 'MELISA', 'Calmante, digestiva', 'https://www.casapia.com/blog/wp-content/uploads/2013/12/melisa-1.jpg'),
       (11, 'HIERBALUISA', 'Digestiva, calmante',
        'https://t1.uc.ltmcdn.com/es/posts/8/8/1/cuales_son_las_propiedades_de_la_hierbaluisa_28188_600.jpg'),
       (12, 'MENTA', 'Refrescante',
        'https://www.sorianatural.es/storage/img/F0000002721_menta_planta_soria_natural.jpg.jpg'),
       (13, 'SALVIA', 'Antibacteriana, antioxidante',
        'https://www.pressenza.com/wp-content/uploads/2022/03/salvia-2.jpg'),
       (14, 'TE DE ROCA', 'Digestivo', 'https://herbolariodani.com/wp-content/uploads/2013/03/product_i_m_imagen.jpg'),
       (15, 'SANTOLINA', 'Antiinflamatoria',
        'https://terragam.com/wp-content/uploads/2022/11/Flores-Santolina-Chamaecyparissus-1024x683.webp'),
       (16, 'MARAVILLA', 'Cicatrizante, antiinflamatoria',
        'https://portalatualizei.com.br/wp-content/uploads/2022/12/Arnica-1.png'),
       (17, 'ANIS VERDE', 'Digestivo, carminativo', 'https://topfarma.es/wp-content/uploads/2022/12/art-anis.png'),
       (18, 'ROMERO', 'Estimulante, antioxidante',
        'https://www.sorianatural.es/storage/img/F0000002742_romero_planta_soria_natural.jpg.jpg'),
       (19, 'HIPERICO', 'Antidepresiva, cicatrizante',
        'https://t2.uc.ltmcdn.com/es/posts/4/0/1/cuales_son_las_propiedades_medicinales_del_hiperico_20104_orig.jpg'),
       (20, 'MILRAMAS', 'Cicatrizante, astringente',
        'https://upload.wikimedia.org/wikipedia/commons/b/bc/Achillea_millefolium_habito.jpg'),
       (21, 'ESPINO BLANCO', 'Cardiotónica', 'https://www.cebanatural.com/images/blog/l/blog_espinoBlanco.jpg'),
       (22, 'LAVANDA', 'Relajante', 'https://entresemillas.com/996-medium_default/lavanda-espliego-semillas.jpg'),
       (23, 'NEPETIA CATARIA', 'Calmante', 'https://inaturalist-open-data.s3.amazonaws.com/photos/9303689/large.jpg'),
       (24, 'MALVAVISCO', 'Calmante ',
        'https://www.fitoterapia.net/archivos/201706/althaea-officinalis-750x858x80xX.jpg?1'),
       (25, 'HOJA NOGAL', 'Antiparasitaria,antiinflamatoria, antioxidante',
        'https://www.dieteticaferrer.com/cdn/shop/articles/conoces-los-beneficios-del-nogal-para-que-sirve-y-propiedades-112627.jpg?v=1563453415'),
       (26, 'JENGIBRE', 'Antiséptica,  antimicrobiana',
        'https://media.istockphoto.com/id/174822165/es/foto/conjunto-y-rodajas-de-jengibre.jpg?s=612x612&w=0&k=20&c=K1GK33FzqTemWQ8Ft-Rn-CTE1RaMWS7mvwhJw_V8V98='),
       (27, 'LUPULO', 'Antiinflamatoria, analgesico',
        'https://www.labofarm.es/wp-content/uploads/2016/02/plantas_medicinales_lupulo.jpg'),
       (28, 'MARRUBIO', 'Calmante, antiinflamatorio',
        'https://www.sorianatural.es/storage/img/F0000002718_marrubio_planta_soria_natural.jpg.jpg'),
       (29, 'MUERDAGO', 'Antiinflamatoria, sedante, diurética',
        'https://cdn0.ecologiaverde.com/es/posts/3/3/4/propiedades_medicinales_del_muerdago_2433_1_600.jpg'),
       (30, 'PASIFLORA', 'Sedante, antiespasmódica',
        'https://www.sorianatural.es/storage/img/F0000002731_pasiflora_planta_soria_natural.jpg.jpg'),
       (31, 'PEREJIL', 'Diurética, antioxidante',
        'https://www.ecoagricultor.com/wp-content/uploads/2012/11/propiedades-perejil.png'),
       (32, 'PIMPINELA', 'Expectorante, antiséptica, astringente',
        'https://fichas.infojardin.com/foto-condimentos/sanguisorba-minor.jpg'),
       (33, 'RAIZ VALERIANA', 'Calmante, antiespasmódico',
        'https://c8.alamy.com/compes/b5b6cd/common-valeriana-valeriana-officinalis-planta-en-primavera-con-hojas-frescas-y-raices-b5b6cd.jpg'),
       (34, 'REGALIZ', 'Calmante, antiinflamatorio',
        'https://www.casapia.com/blog/wp-content/uploads/2008/04/regaliz-1.jpg'),
       (35, 'CORTEZA ROBLE', 'Astringente, antiinflamatoria',
        'https://c8.alamy.com/compes/j9n38n/corteza-de-roble-quercus-cortex-j9n38n.jpg'),
       (36, 'SANTOLINA', 'Antiespasmódica, antiinflamatoria',
        'https://upload.wikimedia.org/wikipedia/commons/thumb/0/09/Santoline_petit-cypr%C3%A8s_FR_2012.jpg/240px-Santoline_petit-cypr%C3%A8s_FR_2012.jpg'),
       (37, 'ULMARIA', ' Calmante, antiinflamatorio, antioxidante',
        'https://www.casapia.com/blog/wp-content/uploads/2008/04/ulmaria-1.jpg'),
       (38, 'VERONICA', 'Depurativa', 'https://www.casapia.com/blog/wp-content/uploads/2008/04/veronica-1.jpg'),
       (39, 'LEONORUS CARDIACA', ' Calmante, antiespasmódica, antidiarreico',
        'https://www.quintadosouriques.com/wp-content/uploads/2023/03/leonurus-cardiaca-16481223.jpg'),
       (40, 'MANZANILLA', ' Calmante ', 'https://elpoderdelconsumidor.org/wp-content/uploads/2021/11/manzanilla.jpg'),
       (41, 'AJENJO', ' Calmante, antiinflamatorio, vermífugo',
        'https://www.sorianatural.es/storage/img/F0000002648_ajenjo_planta_soria_natural.jpg.jpg'),
       (42, 'ALCACHOFERA', 'Diuretica', 'https://www.casapia.com/blog/wp-content/uploads/2008/03/alcachofera-1.jpg'),
       (43, 'ALFALFA', 'Calmante', 'https://farmaciatomas.net/wp-content/uploads/2016/05/Medicago_sativa.jpg'),
       (44, 'BOLDO', 'Colerética, diuretica, antioxidante',
        'https://www.sorianatural.es/storage/img/F0000002666_boldo_planta_soria_natural.jpg.jpg'),
       (45, 'CARDO MARIANO', 'Calmante y antiinflamatorio',
        'https://www.sorianatural.es/storage/img/F0000002673_cardo_mariano_planta_soria_natural.jpg.jpg'),
       (46, 'CELIDONIA', 'Antiasmática, antivírico, antimitótico',
        'https://cdn0.ecologiaverde.com/es/posts/1/7/1/propiedades_de_la_celidonia_4171_1_600.jpg'),
       (47, 'CORTEZA SAUCO', 'Diurética',
        'https://escuelaherbal.com/wp-content/uploads/2023/05/corteza-sauco-1024x576.jpg'),
       (48, 'FUCUS', 'Antiinflamatoria, antioxidante',
        'https://www.casapia.com/blog/wp-content/uploads/2008/04/fucus1.jpg'),
       (49, 'FUMARIA', 'Depurativo, espasmolítica, descongestionante',
        'https://www.asturnatura.com/photo/_files/photogallery/a908712e9997cf1fce83a7f0286fb8a6.jpg'),
       (50, 'GALIO', 'Diurético, antiespasmódico',
        'https://beeonatura.com/es/wp-content/uploads/2022/02/waldmeister-blossoms-white-54168-e1645618397259.jpg'),
       (51, 'HOJA ABEDUL', ' Calmante,diuretica, antiinflamatorio',
        'https://www.casapia.com/blog/wp-content/uploads/2008/03/abedul-1.jpg'),
       (52, 'LIMON', 'Antibacteriano',
        'https://www.shutterstock.com/image-photo/overhead-shot-lemons-visible-water-260nw-2320719689.jpg'),
       (53, 'OREGANO', 'Antioxidante, antimicrobiana',
        'https://alimentatusalud.tienda/cdn/shop/products/OreganoplantamedicinalsecaSoriaNatural_1.jpg?v=1702402704&width=1445'),
       (54, 'CANELA', 'Antioxidante,antimicrobiana',
        'https://images.ecestaticos.com/GkRQNdFw5jmA0PT6RBnI_uo7DXo=/0x109:2118x1301/1600x900/filters:fill(white):format(jpg)/f.elconfidencial.com%2Foriginal%2F5b1%2Ffd3%2Fd48%2F5b1fd3d48ea036215da5884237ac1a18.jpg'),
       (55, 'BREZO', 'diurética, antiséptica, antiinflamatoria',
        'https://www.lifeder.com/wp-content/uploads/2019/04/brezo-1.jpg'),
       (56, 'ROMPEPIEDRAS', 'diurética, antiinflamatoria',
        'https://www.casapia.com/blog/wp-content/uploads/2022/08/lepidium-latifolium-rompepiedras.png');

INSERT INTO dolencias (id, dolencia, receta)
VALUES (1, 'GOTA', '2-3 vasos de infusión al dia'),
       (2, 'ALERGIAS', '3-4 vasos de infusión al dia'),
       (3, 'DIGESTION', 'Infusiones después de las comidas excesivas'),
       (4, 'HALITOSIS', '2 vasos de infusión al dia'),
       (5, 'INFECCION ORINA', '3 vasos de infusión al dia'),
       (6, 'INCONTINENCIA URINARIA', '1-2 vasos de infusión al dia, no tomar antes del atardecer'),
       (7, 'MENSTRUACION DOLOROSA',
        '2 vasos de infusión al dia, empezar 7 dias antes de la regla y durante la misma'),
       (8, 'RESFRIADO 1', '2-3 vasos de infusión al dia'),
       (9, 'RESFRIADO 2', '2-3 vasos de infusión al dia'),
       (10, 'INSOMNIO', '1-2 vasos de infusión 45 minutos antes de ir a dormir'),
       (11, 'ASMA', '3 vasos de infusión al dia'),
       (12, 'DOLOR CABEZA', '2 tazas de infusion al dia'),
       (13, 'ANEMIA', '2-3 vasos de infusión al dia'),
       (14, 'COLESTEROL', '2-3 vasos de infusión al dia'),
       (15, 'HIGADO GRASO', '2-3 vasos de infusión al dia'),
       (16, 'PSORIASIS', '1,5-2 litros de infusión caliente a lo largo del dia '),
       (17, 'LUMBAGO', '3 tacitas al dia templada, antes de las comidas durante 60 dias'),
       (18, 'TOS', '2 vasitos caliente mañana y noche'),
       (19, 'DIARREA', 'Tomar a sorbos durante todo el dia'),
       (20, 'CALCULOS RENALES', '1-2 vasitos al dia');

INSERT INTO dolencias_plantas (id, dolencia_id, planta_id)
VALUES (1, 1, 1),
       (2, 1, 2),
       (3, 1, 3),
       (4, 1, 4),
       (5, 2, 5),
       (6, 2, 6),
       (7, 2, 7),
       (8, 2, 1),
       (9, 3, 10),
       (10, 3, 11),
       (11, 3, 12),
       (12, 3, 14),
       (13, 3, 13),
       (14, 3, 15),
       (15, 4, 14),
       (16, 4, 12),
       (17, 4, 17),
       (18, 4, 18),
       (19, 5, 1),
       (20, 5, 9),
       (21, 5, 16),
       (22, 5, 4),
       (23, 5, 13),
       (24, 6, 19),
       (25, 6, 3),
       (26, 6, 4),
       (27, 7, 20),
       (28, 7, 4),
       (29, 8, 6),
       (30, 8, 9),
       (31, 8, 4),
       (32, 9, 14),
       (33, 9, 24),
       (34, 9, 9),
       (35, 9, 4),
       (36, 10, 30),
       (37, 10, 22),
       (38, 10, 33),
       (39, 10, 19),
       (40, 10, 27),
       (41, 11, 8),
       (42, 11, 9),
       (43, 11, 4),
       (44, 12, 51),
       (45, 12, 26),
       (46, 13, 18),
       (47, 13, 2),
       (48, 13, 31),
       (49, 13, 42),
       (50, 13, 1),
       (51, 14, 18),
       (52, 14, 2),
       (53, 14, 47),
       (54, 14, 48),
       (55, 14, 42),
       (56, 14, 41),
       (57, 14, 4),
       (58, 14, 37),
       (59, 15, 2),
       (60, 15, 43),
       (61, 15, 44),
       (62, 16, 1),
       (63, 16, 20),
       (64, 16, 35),
       (65, 16, 46),
       (66, 16, 1),
       (67, 16, 37),
       (68, 16, 36),
       (69, 16, 48),
       (70, 17, 52),
       (71, 17, 3),
       (72, 17, 9),
       (73, 18, 51),
       (74, 18, 52),
       (75, 19, 53),
       (76, 20, 5),
       (77, 20, 54),
       (78, 20, 55);